-- phpMyAdmin SQL Dump
-- version 5.2.0
-- https://www.phpmyadmin.net/
--
-- Host: localhost:8889
-- Generation Time: Nov 06, 2023 at 11:08 AM
-- Server version: 5.7.39
-- PHP Version: 8.2.0

SET SQL_MODE = "NO_AUTO_VALUE_ON_ZERO";
START TRANSACTION;
SET time_zone = "+00:00";


/*!40101 SET @OLD_CHARACTER_SET_CLIENT=@@CHARACTER_SET_CLIENT */;
/*!40101 SET @OLD_CHARACTER_SET_RESULTS=@@CHARACTER_SET_RESULTS */;
/*!40101 SET @OLD_COLLATION_CONNECTION=@@COLLATION_CONNECTION */;
/*!40101 SET NAMES utf8mb4 */;

--
-- Database: `final_app`
--

-- --------------------------------------------------------

--
-- Table structure for table `clicks`
--

CREATE TABLE `clicks` (
  `id` bigint(20) UNSIGNED NOT NULL,
  `subscription_id` bigint(20) UNSIGNED DEFAULT NULL,
  `created_at` timestamp NULL DEFAULT NULL,
  `updated_at` timestamp NULL DEFAULT NULL,
  `click_count` int(11) NOT NULL DEFAULT '1',
  `click_cost` decimal(8,2) NOT NULL
) ENGINE=InnoDB DEFAULT CHARSET=utf8mb4 COLLATE=utf8mb4_unicode_ci;

--
-- Dumping data for table `clicks`
--

INSERT INTO `clicks` (`id`, `subscription_id`, `created_at`, `updated_at`, `click_count`, `click_cost`) VALUES
(1, 3, '2022-10-31 08:36:42', '2023-10-26 21:44:16', 1, '0.61'),
(2, 1, '2023-08-04 12:44:03', '2023-10-26 21:44:16', 1, '0.23'),
(3, 5, '2023-03-29 10:05:20', '2023-10-26 21:44:16', 1, '0.98'),
(5, 3, '2023-09-13 16:18:32', '2023-10-26 21:44:16', 1, '0.97'),
(6, 5, '2023-09-03 02:14:20', '2023-10-26 21:44:16', 1, '0.11'),
(7, 5, '2023-03-15 07:38:36', '2023-10-26 21:44:16', 1, '0.88'),
(8, 1, '2023-01-03 20:48:35', '2023-10-26 21:44:16', 1, '0.23'),
(9, 5, '2023-10-10 19:44:10', '2023-10-26 21:44:16', 1, '0.18'),
(10, 3, '2023-10-02 20:57:48', '2023-10-26 21:44:16', 1, '0.20'),
(12, 3, '2023-08-20 16:13:25', '2023-10-26 21:44:16', 1, '0.89'),
(13, 1, '2023-09-29 03:21:44', '2023-10-26 21:44:16', 1, '0.78'),
(14, 1, '2023-10-20 20:12:12', '2023-10-26 21:44:16', 1, '0.69'),
(16, 3, '2023-09-18 01:59:22', '2023-10-26 21:44:16', 1, '0.96'),
(17, 1, '2023-08-14 19:20:38', '2023-10-26 21:44:16', 1, '0.87'),
(18, 5, '2022-12-14 22:00:19', '2023-10-26 21:44:16', 1, '0.17'),
(22, 3, '2023-06-26 08:08:51', '2023-10-26 21:44:16', 1, '0.11'),
(25, 5, '2023-05-13 21:24:12', '2023-10-26 21:44:16', 1, '0.10'),
(26, 3, '2023-02-11 07:23:01', '2023-10-26 21:44:16', 1, '0.38'),
(28, 5, '2023-08-19 01:38:20', '2023-10-26 21:44:16', 1, '0.17'),
(29, 5, '2023-01-05 17:15:23', '2023-10-26 21:44:16', 1, '0.56'),
(31, 1, '2023-01-15 08:00:44', '2023-10-26 21:44:16', 1, '0.60'),
(35, 3, '2023-09-17 14:10:42', '2023-10-26 21:44:16', 1, '0.10'),
(37, 5, '2023-06-15 09:56:10', '2023-10-26 21:44:16', 1, '0.24'),
(38, 1, '2023-03-03 03:12:14', '2023-10-26 21:44:16', 1, '0.96'),
(39, 5, '2023-07-02 19:18:22', '2023-10-26 21:44:16', 1, '0.45'),
(42, 1, '2023-01-01 15:07:27', '2023-10-26 21:44:16', 1, '0.96'),
(43, 3, '2023-06-04 20:59:15', '2023-10-26 21:44:16', 1, '0.67'),
(45, 5, '2023-10-10 06:48:31', '2023-10-26 21:44:16', 1, '0.03'),
(46, 3, '2023-06-27 10:06:06', '2023-10-26 21:44:16', 1, '0.12'),
(47, 1, '2023-02-19 16:10:19', '2023-10-26 21:44:16', 1, '0.57'),
(48, 3, '2023-04-15 06:46:34', '2023-10-26 21:44:16', 1, '0.70'),
(50, 1, '2023-05-17 04:16:54', '2023-10-26 21:44:16', 1, '0.05'),
(51, 3, '2022-10-26 03:16:53', '2023-10-26 21:44:16', 1, '0.73'),
(54, 3, '2023-02-12 12:08:33', '2023-10-26 21:44:16', 1, '0.58'),
(58, 3, '2023-05-29 10:56:42', '2023-10-26 21:44:16', 1, '0.17'),
(59, 3, '2022-11-26 22:45:12', '2023-10-26 21:44:16', 1, '0.47'),
(60, 1, '2023-06-21 15:23:48', '2023-10-26 21:44:16', 1, '0.43'),
(61, 5, '2023-07-08 16:10:23', '2023-10-26 21:44:16', 1, '0.15'),
(62, 1, '2023-08-13 21:29:36', '2023-10-26 21:44:16', 1, '0.98'),
(63, 1, '2023-05-10 12:53:47', '2023-10-26 21:44:16', 1, '0.77'),
(66, 1, '2022-11-30 18:05:44', '2023-10-26 21:44:16', 1, '0.71'),
(67, 1, '2023-10-03 04:00:38', '2023-10-26 21:44:16', 1, '0.71'),
(70, 3, '2023-08-01 02:14:39', '2023-10-26 21:44:16', 1, '0.92'),
(71, 5, '2023-07-10 15:42:03', '2023-10-26 21:44:16', 1, '0.99'),
(72, 1, '2023-06-25 04:54:56', '2023-10-26 21:44:16', 1, '0.84'),
(73, 5, '2022-11-13 04:51:28', '2023-10-26 21:44:16', 1, '0.39'),
(75, 1, '2023-07-20 19:49:49', '2023-10-26 21:44:16', 1, '0.44'),
(78, 1, '2023-07-15 05:46:04', '2023-10-26 21:44:16', 1, '0.43'),
(79, 1, '2023-07-29 19:54:28', '2023-10-26 21:44:16', 1, '0.51'),
(80, 1, '2023-04-24 18:56:26', '2023-10-26 21:44:16', 1, '0.93'),
(84, 3, '2023-06-01 09:49:32', '2023-10-26 21:44:16', 1, '0.07'),
(86, 5, '2023-06-09 01:29:43', '2023-10-26 21:44:16', 1, '0.91'),
(87, 1, '2023-02-24 00:35:35', '2023-10-26 21:44:16', 1, '0.93'),
(88, 1, '2023-01-21 18:31:50', '2023-10-26 21:44:16', 1, '0.07'),
(90, 1, '2023-10-15 06:53:37', '2023-10-26 21:44:16', 1, '0.86'),
(91, 3, '2023-10-15 23:19:11', '2023-10-26 21:44:16', 1, '0.83'),
(92, 3, '2022-11-22 23:04:27', '2023-10-26 21:44:16', 1, '0.55'),
(95, 3, '2023-09-22 08:37:59', '2023-10-26 21:44:16', 1, '0.65'),
(101, 1, '2023-03-25 04:55:21', '2023-10-26 21:44:16', 1, '0.70'),
(103, 5, '2023-07-17 06:28:46', '2023-10-26 21:44:16', 1, '0.70'),
(104, 3, '2023-02-27 08:45:46', '2023-10-26 21:44:16', 1, '0.57'),
(107, 3, '2022-10-28 20:16:59', '2023-10-26 21:44:16', 1, '0.20'),
(108, 1, '2022-11-28 14:44:28', '2023-10-26 21:44:16', 1, '0.06'),
(109, 5, '2022-12-31 15:01:35', '2023-10-26 21:44:16', 1, '1.00'),
(112, 5, '2023-05-11 17:34:42', '2023-10-26 21:44:16', 1, '0.86'),
(114, 3, '2023-10-21 02:23:07', '2023-10-26 21:44:16', 1, '0.77'),
(115, 1, '2023-05-18 04:24:08', '2023-10-26 21:44:16', 1, '0.84'),
(116, 5, '2023-04-19 10:59:27', '2023-10-26 21:44:16', 1, '0.30'),
(117, 1, '2023-04-23 08:02:32', '2023-10-26 21:44:16', 1, '0.03'),
(118, 1, '2023-07-09 14:24:30', '2023-10-26 21:44:16', 1, '0.23'),
(120, 3, '2022-10-30 03:56:08', '2023-10-26 21:44:16', 1, '0.63'),
(121, 5, '2023-07-01 09:15:27', '2023-10-26 21:44:16', 1, '0.52'),
(122, 3, '2023-02-06 04:07:45', '2023-10-26 21:44:16', 1, '0.89'),
(123, 5, '2023-09-19 19:40:59', '2023-10-26 21:44:16', 1, '0.02'),
(124, 1, '2023-08-31 13:32:30', '2023-10-26 21:44:16', 1, '0.89'),
(125, 1, '2023-01-19 23:15:03', '2023-10-26 21:44:16', 1, '0.87'),
(127, 3, '2023-01-07 14:09:37', '2023-10-26 21:44:16', 1, '0.09'),
(128, 5, '2022-10-31 02:03:05', '2023-10-26 21:44:16', 1, '0.73'),
(129, 5, '2023-09-19 22:49:24', '2023-10-26 21:44:16', 1, '0.23'),
(130, 3, '2022-11-02 03:08:19', '2023-10-26 21:44:16', 1, '0.76'),
(131, 5, '2022-11-04 18:06:07', '2023-10-26 21:44:16', 1, '0.82'),
(135, 5, '2022-12-19 14:15:46', '2023-10-26 21:44:16', 1, '0.78'),
(137, 3, '2022-12-25 13:54:25', '2023-10-26 21:44:16', 1, '0.55'),
(138, 3, '2023-05-29 16:16:07', '2023-10-26 21:44:16', 1, '0.90'),
(139, 5, '2023-05-30 11:22:50', '2023-10-26 21:44:16', 1, '0.34'),
(140, 1, '2023-09-17 07:34:21', '2023-10-26 21:44:16', 1, '0.51'),
(141, 5, '2023-05-15 05:04:18', '2023-10-26 21:44:16', 1, '0.99'),
(142, 1, '2023-06-19 22:52:26', '2023-10-26 21:44:16', 1, '0.39'),
(143, 5, '2023-05-17 18:25:43', '2023-10-26 21:44:16', 1, '0.48'),
(144, 1, '2023-08-09 02:37:54', '2023-10-26 21:44:16', 1, '0.08'),
(145, 5, '2023-04-18 06:01:48', '2023-10-26 21:44:16', 1, '0.18'),
(148, 3, '2023-09-07 02:55:27', '2023-10-26 21:44:16', 1, '0.92'),
(149, 1, '2023-03-29 03:31:07', '2023-10-26 21:44:16', 1, '0.59'),
(151, 3, '2022-11-07 02:40:36', '2023-10-26 21:44:16', 1, '0.11'),
(154, 3, '2023-03-29 22:34:53', '2023-10-26 21:44:16', 1, '0.20'),
(155, 5, '2022-11-30 13:01:00', '2023-10-26 21:44:16', 1, '0.77'),
(157, 5, '2022-11-26 00:22:09', '2023-10-26 21:44:16', 1, '0.29'),
(160, 1, '2023-03-18 00:47:03', '2023-10-26 21:44:16', 1, '0.79'),
(161, 3, '2023-10-11 07:35:27', '2023-10-26 21:44:16', 1, '0.97'),
(162, 1, '2023-05-04 08:03:52', '2023-10-26 21:44:16', 1, '0.84'),
(163, 1, '2022-11-29 03:49:01', '2023-10-26 21:44:16', 1, '0.56'),
(166, 1, '2023-06-12 22:34:35', '2023-10-26 21:44:16', 1, '0.53'),
(167, 1, '2023-07-22 01:47:21', '2023-10-26 21:44:16', 1, '0.95'),
(168, 3, '2023-02-15 12:49:56', '2023-10-26 21:44:16', 1, '0.85'),
(170, 5, '2023-03-10 13:46:10', '2023-10-26 21:44:16', 1, '0.38'),
(171, 3, '2023-08-07 12:17:27', '2023-10-26 21:44:16', 1, '0.21'),
(172, 3, '2022-11-18 07:36:21', '2023-10-26 21:44:16', 1, '0.98'),
(173, 5, '2023-05-26 14:38:39', '2023-10-26 21:44:16', 1, '0.02'),
(174, 5, '2023-05-25 16:24:28', '2023-10-26 21:44:16', 1, '0.79'),
(175, 3, '2023-04-25 01:21:57', '2023-10-26 21:44:16', 1, '0.01'),
(177, 5, '2023-01-15 22:40:53', '2023-10-26 21:44:16', 1, '0.93'),
(178, 5, '2022-11-26 05:54:01', '2023-10-26 21:44:16', 1, '0.54'),
(179, 3, '2022-12-07 01:11:05', '2023-10-26 21:44:16', 1, '0.50'),
(180, 3, '2023-07-28 09:55:51', '2023-10-26 21:44:16', 1, '0.81'),
(182, 1, '2023-06-07 21:35:14', '2023-10-26 21:44:16', 1, '0.82'),
(183, 1, '2023-04-26 19:32:14', '2023-10-26 21:44:16', 1, '0.08'),
(184, 5, '2023-04-11 10:28:20', '2023-10-26 21:44:16', 1, '0.45'),
(188, 3, '2023-06-03 03:58:55', '2023-10-26 21:44:16', 1, '0.96'),
(190, 1, '2023-07-16 18:42:54', '2023-10-26 21:44:16', 1, '0.81'),
(191, 5, '2023-03-21 04:48:06', '2023-10-26 21:44:16', 1, '0.91'),
(193, 5, '2023-02-09 00:32:39', '2023-10-26 21:44:16', 1, '0.60'),
(194, 3, '2023-03-31 13:32:05', '2023-10-26 21:44:16', 1, '0.23'),
(195, 1, '2022-11-26 08:14:05', '2023-10-26 21:44:16', 1, '0.59'),
(196, 3, '2023-08-01 05:38:50', '2023-10-26 21:44:16', 1, '0.99'),
(197, 5, '2023-06-27 14:04:43', '2023-10-26 21:44:16', 1, '0.57'),
(198, 3, '2023-03-09 09:10:39', '2023-10-26 21:44:16', 1, '0.30'),
(199, 5, '2023-06-29 23:28:57', '2023-10-26 21:44:16', 1, '0.91'),
(200, 3, '2023-07-30 17:25:55', '2023-10-26 21:44:16', 1, '0.25'),
(204, 3, '2023-04-25 04:40:07', '2023-10-26 21:44:16', 1, '0.40'),
(205, 3, '2023-02-16 20:15:02', '2023-10-26 21:44:16', 1, '0.81'),
(207, 5, '2023-01-20 21:17:52', '2023-10-26 21:44:16', 1, '0.47'),
(209, 5, '2023-04-04 08:23:24', '2023-10-26 21:44:16', 1, '0.78'),
(211, 5, '2023-10-19 05:26:34', '2023-10-26 21:44:16', 1, '0.20'),
(212, 1, '2023-09-23 14:13:12', '2023-10-26 21:44:16', 1, '0.32'),
(213, 3, '2023-08-07 05:01:08', '2023-10-26 21:44:16', 1, '0.32'),
(215, 1, '2022-11-07 08:44:52', '2023-10-26 21:44:16', 1, '0.08'),
(216, 1, '2023-04-02 19:44:16', '2023-10-26 21:44:16', 1, '0.44'),
(217, 3, '2023-02-20 01:38:58', '2023-10-26 21:44:16', 1, '0.22'),
(220, 3, '2023-08-01 08:00:00', '2023-10-26 21:44:16', 1, '0.52'),
(221, 3, '2023-03-17 18:53:44', '2023-10-26 21:44:16', 1, '0.65'),
(225, 3, '2022-11-18 18:53:50', '2023-10-26 21:44:16', 1, '0.06'),
(227, 5, '2022-11-30 05:13:58', '2023-10-26 21:44:16', 1, '0.15'),
(228, 1, '2022-12-18 11:30:04', '2023-10-26 21:44:16', 1, '0.94'),
(230, 5, '2023-06-09 22:39:06', '2023-10-26 21:44:16', 1, '0.35'),
(234, 3, '2023-04-17 03:44:17', '2023-10-26 21:44:16', 1, '0.34'),
(235, 1, '2022-12-21 12:43:12', '2023-10-26 21:44:16', 1, '0.46'),
(236, 1, '2023-09-03 04:15:15', '2023-10-26 21:44:16', 1, '0.07'),
(237, 1, '2023-03-27 22:46:36', '2023-10-26 21:44:16', 1, '0.87'),
(239, 1, '2023-03-09 02:26:13', '2023-10-26 21:44:16', 1, '0.43'),
(243, 3, '2023-03-05 17:41:35', '2023-10-26 21:44:16', 1, '0.56'),
(244, 3, '2023-08-06 15:37:43', '2023-10-26 21:44:16', 1, '0.13'),
(248, 3, '2023-06-30 00:58:23', '2023-10-26 21:44:16', 1, '0.27'),
(252, 3, '2023-02-09 09:17:31', '2023-10-26 21:44:16', 1, '0.81'),
(254, 5, '2023-05-24 05:30:34', '2023-10-26 21:44:16', 1, '0.88'),
(255, 5, '2023-04-09 18:37:58', '2023-10-26 21:44:16', 1, '0.71'),
(256, 3, '2023-05-13 15:12:21', '2023-10-26 21:44:16', 1, '0.42'),
(257, 3, '2023-08-02 14:16:53', '2023-10-26 21:44:16', 1, '0.51'),
(260, 5, '2023-04-16 03:02:31', '2023-10-26 21:44:16', 1, '0.23'),
(262, 3, '2023-08-07 22:09:41', '2023-10-26 21:44:16', 1, '0.73'),
(264, 5, '2022-12-26 05:29:26', '2023-10-26 21:44:16', 1, '0.63'),
(265, 5, '2023-04-03 07:31:27', '2023-10-26 21:44:16', 1, '0.05'),
(266, 3, '2023-08-09 15:22:22', '2023-10-26 21:44:16', 1, '0.25'),
(267, 5, '2023-03-07 01:22:23', '2023-10-26 21:44:16', 1, '0.23'),
(269, 3, '2022-12-15 09:15:09', '2023-10-26 21:44:16', 1, '0.40'),
(271, 1, '2023-02-18 18:54:57', '2023-10-26 21:44:16', 1, '0.57'),
(272, 3, '2023-03-27 06:11:23', '2023-10-26 21:44:16', 1, '0.72'),
(274, 5, '2023-10-01 03:23:05', '2023-10-26 21:44:16', 1, '0.70'),
(275, 3, '2022-11-07 09:11:37', '2023-10-26 21:44:16', 1, '0.04'),
(276, 3, '2023-04-21 14:22:28', '2023-10-26 21:44:16', 1, '0.78'),
(278, 3, '2023-06-18 01:18:10', '2023-10-26 21:44:16', 1, '0.66'),
(279, 3, '2023-05-27 23:52:23', '2023-10-26 21:44:16', 1, '0.26'),
(280, 1, '2022-12-05 16:48:26', '2023-10-26 21:44:16', 1, '0.47'),
(282, 3, '2023-06-11 23:15:10', '2023-10-26 21:44:16', 1, '0.26'),
(290, 5, '2023-10-20 14:10:14', '2023-10-26 21:44:16', 1, '0.71'),
(291, 1, '2023-02-11 11:17:34', '2023-10-26 21:44:16', 1, '0.65'),
(293, 5, '2023-07-02 13:06:09', '2023-10-26 21:44:16', 1, '0.59'),
(294, 3, '2023-02-17 23:12:04', '2023-10-26 21:44:16', 1, '0.73'),
(295, 5, '2023-01-10 04:42:35', '2023-10-26 21:44:16', 1, '0.54'),
(296, 5, '2023-07-01 22:23:31', '2023-10-26 21:44:16', 1, '0.34'),
(299, 3, '2023-08-21 00:18:38', '2023-10-26 21:44:16', 1, '0.64'),
(300, 5, '2022-10-26 16:05:03', '2023-10-26 21:44:16', 1, '0.62'),
(301, 5, '2023-01-19 23:54:39', '2023-10-26 21:44:16', 1, '0.50'),
(302, 3, '2023-08-23 15:31:13', '2023-10-26 21:44:16', 1, '0.93'),
(304, 5, '2023-07-06 20:58:21', '2023-10-26 21:44:16', 1, '0.81'),
(305, 1, '2023-08-16 07:48:49', '2023-10-26 21:44:16', 1, '0.48'),
(306, 3, '2023-03-25 22:03:36', '2023-10-26 21:44:16', 1, '0.81'),
(310, 1, '2023-09-25 01:13:42', '2023-10-26 21:44:16', 1, '0.17'),
(311, 5, '2023-06-02 13:44:30', '2023-10-26 21:44:16', 1, '0.22'),
(313, 5, '2023-09-29 00:25:20', '2023-10-26 21:44:16', 1, '0.41'),
(314, 5, '2023-06-14 19:45:10', '2023-10-26 21:44:16', 1, '0.86'),
(315, 3, '2022-12-23 12:09:39', '2023-10-26 21:44:16', 1, '0.16'),
(316, 5, '2023-06-18 07:29:25', '2023-10-26 21:44:16', 1, '0.26'),
(317, 5, '2023-07-13 19:49:18', '2023-10-26 21:44:16', 1, '0.21'),
(320, 5, '2023-07-27 04:39:17', '2023-10-26 21:44:16', 1, '0.74'),
(321, 1, '2023-08-06 20:22:15', '2023-10-26 21:44:16', 1, '0.14'),
(323, 3, '2023-01-02 16:00:42', '2023-10-26 21:44:16', 1, '0.46'),
(324, 3, '2023-05-29 06:06:12', '2023-10-26 21:44:16', 1, '0.45'),
(328, 1, '2023-09-12 16:42:38', '2023-10-26 21:44:16', 1, '0.49'),
(330, 5, '2023-09-30 16:46:48', '2023-10-26 21:44:16', 1, '0.69'),
(331, 3, '2023-09-13 07:44:47', '2023-10-26 21:44:16', 1, '0.60'),
(333, 3, '2023-08-10 09:02:11', '2023-10-26 21:44:16', 1, '0.97'),
(334, 5, '2022-11-11 20:11:26', '2023-10-26 21:44:16', 1, '0.16'),
(337, 1, '2023-02-03 07:38:46', '2023-10-26 21:44:16', 1, '0.01'),
(338, 1, '2023-03-04 02:39:23', '2023-10-26 21:44:16', 1, '0.15'),
(340, 1, '2023-06-25 16:10:34', '2023-10-26 21:44:16', 1, '0.44'),
(346, 5, '2023-06-06 08:24:02', '2023-10-26 21:44:16', 1, '0.53'),
(347, 1, '2023-10-04 10:03:28', '2023-10-26 21:44:16', 1, '0.24'),
(348, 1, '2022-11-26 11:57:51', '2023-10-26 21:44:16', 1, '0.33'),
(352, 1, '2023-03-13 06:44:58', '2023-10-26 21:44:16', 1, '0.18'),
(355, 1, '2022-11-06 20:46:05', '2023-10-26 21:44:16', 1, '0.18'),
(357, 1, '2023-08-01 13:59:13', '2023-10-26 21:44:16', 1, '0.27'),
(358, 1, '2023-06-19 21:21:09', '2023-10-26 21:44:16', 1, '0.94'),
(359, 3, '2022-12-24 22:43:00', '2023-10-26 21:44:16', 1, '0.59'),
(360, 3, '2023-01-04 11:25:26', '2023-10-26 21:44:16', 1, '0.91'),
(362, 3, '2023-07-18 12:48:30', '2023-10-26 21:44:16', 1, '0.79'),
(363, 1, '2023-08-04 04:30:23', '2023-10-26 21:44:16', 1, '0.13'),
(365, 3, '2023-07-20 06:52:27', '2023-10-26 21:44:16', 1, '0.09'),
(367, 5, '2023-10-18 08:47:55', '2023-10-26 21:44:16', 1, '0.28'),
(369, 3, '2023-10-03 11:03:47', '2023-10-26 21:44:16', 1, '0.75'),
(371, 5, '2023-04-07 22:29:00', '2023-10-26 21:44:16', 1, '0.67'),
(373, 1, '2023-08-31 11:47:13', '2023-10-26 21:44:16', 1, '0.64'),
(375, 3, '2022-10-25 23:34:59', '2023-10-26 21:44:16', 1, '0.81'),
(376, 3, '2023-10-02 16:52:13', '2023-10-26 21:44:16', 1, '0.23'),
(377, 5, '2023-01-25 15:16:43', '2023-10-26 21:44:16', 1, '0.06'),
(382, 3, '2023-06-03 09:34:01', '2023-10-26 21:44:16', 1, '0.42'),
(383, 1, '2023-06-17 13:27:42', '2023-10-26 21:44:16', 1, '0.63'),
(384, 5, '2023-07-26 12:26:42', '2023-10-26 21:44:16', 1, '0.67'),
(385, 5, '2023-04-01 18:31:21', '2023-10-26 21:44:16', 1, '0.97'),
(388, 5, '2023-07-26 18:52:28', '2023-10-26 21:44:16', 1, '0.36'),
(389, 3, '2022-12-10 18:36:08', '2023-10-26 21:44:16', 1, '0.27'),
(390, 1, '2023-07-28 02:15:45', '2023-10-26 21:44:16', 1, '0.49'),
(391, 1, '2023-05-12 00:22:39', '2023-10-26 21:44:16', 1, '0.05'),
(394, 5, '2023-04-14 08:11:08', '2023-10-26 21:44:16', 1, '0.05'),
(396, 3, '2023-05-13 09:35:12', '2023-10-26 21:44:16', 1, '0.57'),
(400, 1, '2023-05-11 16:26:12', '2023-10-26 21:44:16', 1, '0.20'),
(401, 5, '2023-08-15 05:19:11', '2023-10-26 21:44:16', 1, '0.34'),
(402, 3, '2023-06-27 10:48:51', '2023-10-26 21:44:16', 1, '0.24'),
(403, 5, '2023-10-09 00:03:50', '2023-10-26 21:44:16', 1, '0.41'),
(405, 5, '2023-07-29 12:45:57', '2023-10-26 21:44:16', 1, '0.77'),
(406, 5, '2022-12-12 22:24:13', '2023-10-26 21:44:16', 1, '0.66'),
(407, 5, '2023-03-06 16:57:04', '2023-10-26 21:44:16', 1, '0.57'),
(408, 3, '2022-10-28 16:37:02', '2023-10-26 21:44:16', 1, '0.58'),
(409, 3, '2023-03-13 21:18:21', '2023-10-26 21:44:16', 1, '0.80'),
(410, 5, '2022-11-12 18:20:02', '2023-10-26 21:44:16', 1, '0.66'),
(411, 5, '2023-07-21 23:57:01', '2023-10-26 21:44:16', 1, '0.21'),
(413, 5, '2023-06-13 17:42:25', '2023-10-26 21:44:16', 1, '0.97'),
(415, 5, '2023-07-13 10:39:02', '2023-10-26 21:44:16', 1, '0.40'),
(417, 3, '2023-02-17 10:43:34', '2023-10-26 21:44:16', 1, '0.15'),
(419, 3, '2023-09-10 04:25:06', '2023-10-26 21:44:16', 1, '0.89'),
(422, 5, '2022-12-06 12:58:59', '2023-10-26 21:44:16', 1, '0.98'),
(424, 3, '2023-08-26 21:53:34', '2023-10-26 21:44:16', 1, '0.09'),
(425, 3, '2023-07-27 07:04:25', '2023-10-26 21:44:16', 1, '0.37'),
(426, 1, '2023-10-05 05:07:19', '2023-10-26 21:44:16', 1, '0.57'),
(429, 5, '2022-12-01 22:50:25', '2023-10-26 21:44:16', 1, '0.17'),
(431, 3, '2023-01-31 14:26:02', '2023-10-26 21:44:16', 1, '0.74'),
(432, 5, '2023-04-02 13:55:57', '2023-10-26 21:44:16', 1, '0.83'),
(434, 1, '2023-06-07 10:14:45', '2023-10-26 21:44:16', 1, '0.51'),
(435, 3, '2023-09-19 06:18:10', '2023-10-26 21:44:16', 1, '0.53'),
(438, 1, '2023-08-03 01:28:13', '2023-10-26 21:44:16', 1, '0.23'),
(440, 5, '2023-08-21 17:20:55', '2023-10-26 21:44:16', 1, '0.40'),
(441, 1, '2022-10-26 02:58:51', '2023-10-26 21:44:16', 1, '0.64'),
(442, 5, '2022-12-24 05:23:26', '2023-10-26 21:44:16', 1, '0.42'),
(443, 3, '2023-02-05 17:08:21', '2023-10-26 21:44:16', 1, '0.79'),
(444, 5, '2023-10-19 08:29:29', '2023-10-26 21:44:16', 1, '0.66'),
(445, 1, '2023-05-08 02:17:04', '2023-10-26 21:44:16', 1, '0.61'),
(448, 1, '2023-01-28 15:52:13', '2023-10-26 21:44:16', 1, '0.81'),
(450, 1, '2023-02-20 19:31:29', '2023-10-26 21:44:16', 1, '0.73'),
(454, 5, '2023-08-31 03:26:35', '2023-10-26 21:44:16', 1, '0.88'),
(456, 5, '2022-11-06 01:00:23', '2023-10-26 21:44:16', 1, '0.31'),
(457, 1, '2023-08-17 09:22:23', '2023-10-26 21:44:16', 1, '0.34'),
(460, 5, '2023-03-10 08:35:41', '2023-10-26 21:44:16', 1, '0.77'),
(462, 3, '2022-11-22 07:00:00', '2023-10-26 21:44:16', 1, '0.31'),
(463, 5, '2023-08-31 06:31:08', '2023-10-26 21:44:16', 1, '0.06'),
(465, 5, '2023-03-24 21:26:46', '2023-10-26 21:44:16', 1, '0.19'),
(467, 3, '2023-03-16 20:47:54', '2023-10-26 21:44:16', 1, '0.75'),
(469, 3, '2023-09-20 04:48:31', '2023-10-26 21:44:16', 1, '0.76'),
(470, 5, '2023-01-27 02:10:06', '2023-10-26 21:44:16', 1, '0.11'),
(471, 3, '2023-10-08 17:09:54', '2023-10-26 21:44:16', 1, '0.76'),
(472, 5, '2023-06-24 22:26:43', '2023-10-26 21:44:16', 1, '0.54'),
(473, 1, '2023-03-10 21:09:44', '2023-10-26 21:44:16', 1, '0.67'),
(474, 5, '2023-07-13 20:28:25', '2023-10-26 21:44:16', 1, '0.35'),
(481, 5, '2023-03-02 11:52:39', '2023-10-26 21:44:16', 1, '0.58'),
(482, 3, '2023-02-26 06:11:30', '2023-10-26 21:44:16', 1, '0.11'),
(483, 5, '2023-06-26 03:51:59', '2023-10-26 21:44:16', 1, '0.61'),
(486, 5, '2023-02-06 09:57:58', '2023-10-26 21:44:16', 1, '0.94'),
(487, 1, '2023-05-02 05:23:35', '2023-10-26 21:44:16', 1, '0.81'),
(488, 1, '2023-02-23 15:50:16', '2023-10-26 21:44:16', 1, '0.56'),
(493, 1, '2023-10-22 09:05:56', '2023-10-26 21:44:16', 1, '0.48'),
(495, 5, '2023-06-07 06:29:19', '2023-10-26 21:44:16', 1, '0.41'),
(497, 1, '2023-05-08 01:36:16', '2023-10-26 21:44:16', 1, '0.94'),
(498, 3, '2023-02-06 05:34:02', '2023-10-26 21:44:16', 1, '0.99'),
(499, 5, '2023-04-15 17:42:37', '2023-10-26 21:44:16', 1, '0.10'),
(500, 5, '2022-10-31 04:41:04', '2023-10-26 21:44:16', 1, '0.39'),
(502, 1, '2023-05-02 13:30:11', '2023-10-26 21:44:16', 1, '0.04'),
(503, 3, '2023-09-27 13:07:56', '2023-10-26 21:44:16', 1, '0.69'),
(508, 1, '2022-12-13 21:45:52', '2023-10-26 21:44:16', 1, '0.01'),
(510, 3, '2022-12-23 07:39:34', '2023-10-26 21:44:16', 1, '0.16'),
(512, 1, '2023-04-10 06:48:22', '2023-10-26 21:44:16', 1, '0.27'),
(514, 5, '2023-01-24 02:35:24', '2023-10-26 21:44:16', 1, '0.91'),
(515, 1, '2023-06-02 07:00:43', '2023-10-26 21:44:16', 1, '0.78'),
(516, 3, '2023-06-15 15:03:06', '2023-10-26 21:44:16', 1, '0.82'),
(517, 5, '2022-11-08 14:01:38', '2023-10-26 21:44:16', 1, '0.92'),
(518, 5, '2023-10-12 10:09:29', '2023-10-26 21:44:16', 1, '0.37'),
(519, 5, '2022-12-26 00:32:33', '2023-10-26 21:44:16', 1, '0.73'),
(521, 5, '2023-03-19 07:03:08', '2023-10-26 21:44:16', 1, '0.76'),
(523, 1, '2023-08-24 11:19:02', '2023-10-26 21:44:16', 1, '0.87'),
(525, 5, '2022-11-22 22:37:21', '2023-10-26 21:44:16', 1, '0.01'),
(530, 5, '2023-04-02 17:21:13', '2023-10-26 21:44:16', 1, '0.62'),
(531, 5, '2023-07-12 06:49:04', '2023-10-26 21:44:16', 1, '0.95'),
(532, 1, '2022-12-04 18:23:51', '2023-10-26 21:44:16', 1, '0.20'),
(533, 5, '2022-11-14 19:10:59', '2023-10-26 21:44:16', 1, '0.05'),
(539, 5, '2023-04-03 05:27:38', '2023-10-26 21:44:16', 1, '0.24'),
(540, 3, '2023-06-22 10:07:32', '2023-10-26 21:44:16', 1, '0.14'),
(542, 3, '2023-08-06 12:32:11', '2023-10-26 21:44:16', 1, '0.76'),
(544, 1, '2023-09-28 23:36:12', '2023-10-26 21:44:16', 1, '0.07'),
(545, 1, '2023-03-20 07:49:28', '2023-10-26 21:44:16', 1, '0.89'),
(549, 1, '2023-02-13 12:28:39', '2023-10-26 21:44:16', 1, '0.44'),
(551, 5, '2023-08-14 11:40:23', '2023-10-26 21:44:16', 1, '0.10'),
(553, 1, '2023-02-22 22:34:06', '2023-10-26 21:44:16', 1, '0.33'),
(554, 1, '2022-12-20 18:00:37', '2023-10-26 21:44:16', 1, '0.39'),
(555, 5, '2023-08-08 13:14:47', '2023-10-26 21:44:16', 1, '0.17'),
(556, 3, '2022-12-12 08:12:23', '2023-10-26 21:44:16', 1, '0.30'),
(557, 3, '2022-12-09 06:16:26', '2023-10-26 21:44:16', 1, '0.23'),
(558, 3, '2023-05-23 09:50:16', '2023-10-26 21:44:16', 1, '0.48'),
(559, 3, '2023-01-23 02:58:58', '2023-10-26 21:44:16', 1, '0.30'),
(560, 5, '2023-04-21 14:23:46', '2023-10-26 21:44:16', 1, '0.56'),
(564, 5, '2023-05-09 12:29:35', '2023-10-26 21:44:16', 1, '0.01'),
(566, 1, '2022-10-31 14:25:53', '2023-10-26 21:44:16', 1, '0.23'),
(567, 5, '2023-03-13 20:01:59', '2023-10-26 21:44:16', 1, '0.67'),
(568, 3, '2023-08-06 05:44:08', '2023-10-26 21:44:16', 1, '0.41'),
(570, 5, '2023-05-25 09:26:23', '2023-10-26 21:44:16', 1, '0.55'),
(571, 5, '2023-03-28 21:57:56', '2023-10-26 21:44:16', 1, '0.04'),
(572, 3, '2023-06-29 11:53:12', '2023-10-26 21:44:16', 1, '0.93'),
(574, 5, '2023-07-22 13:45:31', '2023-10-26 21:44:16', 1, '0.22'),
(576, 3, '2023-03-17 01:42:46', '2023-10-26 21:44:16', 1, '0.78'),
(578, 1, '2023-02-08 07:30:15', '2023-10-26 21:44:16', 1, '0.72'),
(579, 1, '2023-01-09 05:11:21', '2023-10-26 21:44:16', 1, '0.14'),
(581, 1, '2022-11-05 20:15:45', '2023-10-26 21:44:16', 1, '0.84'),
(582, 1, '2023-01-07 07:03:35', '2023-10-26 21:44:16', 1, '0.39'),
(583, 1, '2023-09-21 17:05:17', '2023-10-26 21:44:16', 1, '0.09'),
(584, 1, '2023-01-06 02:26:22', '2023-10-26 21:44:16', 1, '0.54'),
(586, 1, '2023-02-10 22:30:36', '2023-10-26 21:44:16', 1, '0.92'),
(588, 3, '2023-04-29 15:08:10', '2023-10-26 21:44:16', 1, '0.01'),
(589, 5, '2022-12-06 01:55:40', '2023-10-26 21:44:16', 1, '0.29'),
(591, 3, '2023-09-16 16:15:58', '2023-10-26 21:44:16', 1, '0.53'),
(592, 1, '2022-11-09 01:27:00', '2023-10-26 21:44:16', 1, '0.29'),
(601, 1, '2023-07-27 21:16:37', '2023-10-26 21:44:16', 1, '0.70'),
(606, 1, '2023-09-15 12:13:37', '2023-10-26 21:44:16', 1, '0.86'),
(607, 5, '2023-03-20 06:50:15', '2023-10-26 21:44:16', 1, '0.41'),
(608, 3, '2023-04-26 14:31:09', '2023-10-26 21:44:16', 1, '0.93'),
(609, 5, '2023-06-13 05:37:07', '2023-10-26 21:44:16', 1, '0.27'),
(610, 5, '2022-12-14 00:51:51', '2023-10-26 21:44:16', 1, '0.23'),
(611, 5, '2023-05-17 19:01:42', '2023-10-26 21:44:16', 1, '0.61'),
(612, 3, '2023-05-07 07:23:18', '2023-10-26 21:44:16', 1, '0.27'),
(614, 3, '2023-08-16 17:57:31', '2023-10-26 21:44:16', 1, '0.09'),
(615, 1, '2023-01-10 18:17:00', '2023-10-26 21:44:16', 1, '0.46'),
(616, 5, '2023-09-18 20:55:30', '2023-10-26 21:44:16', 1, '0.54'),
(617, 5, '2023-02-10 16:57:57', '2023-10-26 21:44:16', 1, '0.64'),
(619, 5, '2023-09-15 19:56:47', '2023-10-26 21:44:16', 1, '0.38'),
(621, 5, '2023-04-07 01:35:12', '2023-10-26 21:44:16', 1, '1.00'),
(623, 5, '2022-11-06 20:07:27', '2023-10-26 21:44:16', 1, '0.54'),
(624, 5, '2022-12-29 16:39:22', '2023-10-26 21:44:16', 1, '0.88'),
(625, 5, '2023-01-08 11:33:40', '2023-10-26 21:44:16', 1, '0.48'),
(626, 3, '2023-08-11 06:56:03', '2023-10-26 21:44:16', 1, '0.86'),
(627, 3, '2022-12-28 10:19:53', '2023-10-26 21:44:16', 1, '0.62'),
(628, 1, '2023-10-23 07:07:24', '2023-10-26 21:44:16', 1, '0.26'),
(630, 3, '2023-05-27 20:25:22', '2023-10-26 21:44:16', 1, '0.76'),
(632, 1, '2023-09-25 11:42:41', '2023-10-26 21:44:16', 1, '0.04'),
(635, 3, '2022-11-21 08:03:20', '2023-10-26 21:44:16', 1, '0.88'),
(636, 5, '2023-02-28 19:58:03', '2023-10-26 21:44:16', 1, '0.96'),
(637, 1, '2022-12-26 13:31:04', '2023-10-26 21:44:16', 1, '0.36'),
(641, 1, '2023-06-26 13:22:29', '2023-10-26 21:44:16', 1, '0.64'),
(642, 5, '2023-02-22 21:36:16', '2023-10-26 21:44:16', 1, '0.39'),
(645, 1, '2023-02-16 00:38:42', '2023-10-26 21:44:16', 1, '0.93'),
(647, 5, '2023-10-18 08:19:46', '2023-10-26 21:44:16', 1, '0.74'),
(651, 1, '2023-08-15 17:00:50', '2023-10-26 21:44:16', 1, '0.28'),
(652, 5, '2023-07-05 02:55:57', '2023-10-26 21:44:16', 1, '0.50'),
(653, 1, '2023-07-05 02:35:35', '2023-10-26 21:44:16', 1, '0.08'),
(659, 3, '2023-05-22 15:55:06', '2023-10-26 21:44:16', 1, '0.51'),
(660, 5, '2023-06-02 20:05:18', '2023-10-26 21:44:16', 1, '0.83'),
(661, 3, '2023-07-13 23:16:58', '2023-10-26 21:44:16', 1, '0.58'),
(662, 3, '2023-10-14 19:10:19', '2023-10-26 21:44:16', 1, '0.44'),
(666, 1, '2022-11-23 02:09:23', '2023-10-26 21:44:16', 1, '0.12'),
(667, 3, '2023-04-21 06:30:09', '2023-10-26 21:44:16', 1, '0.47'),
(668, 1, '2023-05-24 21:41:13', '2023-10-26 21:44:16', 1, '0.10'),
(670, 3, '2023-05-26 20:42:34', '2023-10-26 21:44:16', 1, '0.41'),
(672, 5, '2023-10-13 06:51:35', '2023-10-26 21:44:16', 1, '0.79'),
(677, 1, '2022-12-06 16:34:50', '2023-10-26 21:44:16', 1, '0.90'),
(678, 5, '2023-08-18 23:12:06', '2023-10-26 21:44:16', 1, '0.97'),
(679, 5, '2023-04-09 01:46:21', '2023-10-26 21:44:16', 1, '0.86'),
(683, 5, '2023-01-15 17:17:08', '2023-10-26 21:44:16', 1, '0.51'),
(685, 5, '2023-07-30 23:49:39', '2023-10-26 21:44:16', 1, '0.46'),
(686, 3, '2023-09-26 11:35:39', '2023-10-26 21:44:16', 1, '0.74'),
(690, 5, '2023-08-25 18:10:25', '2023-10-26 21:44:16', 1, '0.06'),
(691, 1, '2022-12-05 00:26:36', '2023-10-26 21:44:16', 1, '0.91'),
(692, 5, '2023-02-01 13:07:34', '2023-10-26 21:44:16', 1, '0.55'),
(695, 5, '2023-02-19 07:10:46', '2023-10-26 21:44:16', 1, '0.78'),
(698, 3, '2023-10-19 11:29:47', '2023-10-26 21:44:16', 1, '0.85'),
(699, 5, '2023-07-19 07:53:12', '2023-10-26 21:44:16', 1, '0.15'),
(702, 3, '2023-04-05 17:29:54', '2023-10-26 21:44:16', 1, '0.64'),
(703, 5, '2023-09-04 07:02:35', '2023-10-26 21:44:16', 1, '0.19'),
(704, 5, '2023-04-18 17:57:21', '2023-10-26 21:44:16', 1, '0.51'),
(707, 1, '2023-06-21 06:20:10', '2023-10-26 21:44:16', 1, '0.68'),
(709, 1, '2023-04-22 18:59:04', '2023-10-26 21:44:16', 1, '0.70'),
(710, 5, '2023-06-03 18:13:42', '2023-10-26 21:44:16', 1, '0.83'),
(711, 3, '2023-01-01 04:28:34', '2023-10-26 21:44:16', 1, '0.87'),
(713, 1, '2023-04-03 01:52:00', '2023-10-26 21:44:16', 1, '0.09'),
(714, 3, '2023-04-26 22:02:26', '2023-10-26 21:44:16', 1, '0.05'),
(715, 1, '2023-08-04 01:44:37', '2023-10-26 21:44:16', 1, '0.87'),
(718, 1, '2023-03-22 22:11:11', '2023-10-26 21:44:16', 1, '0.14'),
(720, 3, '2023-01-21 18:18:39', '2023-10-26 21:44:16', 1, '0.87'),
(721, 1, '2023-05-28 06:15:20', '2023-10-26 21:44:16', 1, '0.36'),
(723, 5, '2022-10-28 18:19:16', '2023-10-26 21:44:16', 1, '0.34'),
(725, 1, '2022-12-14 16:42:56', '2023-10-26 21:44:16', 1, '0.90'),
(727, 3, '2022-12-03 20:16:18', '2023-10-26 21:44:16', 1, '0.01'),
(728, 3, '2023-02-24 23:10:20', '2023-10-26 21:44:16', 1, '0.48'),
(729, 5, '2023-06-20 03:10:25', '2023-10-26 21:44:16', 1, '0.88'),
(730, 5, '2023-09-13 03:40:29', '2023-10-26 21:44:16', 1, '0.34'),
(732, 3, '2023-01-19 11:30:04', '2023-10-26 21:44:16', 1, '0.92'),
(735, 3, '2023-05-23 22:10:24', '2023-10-26 21:44:16', 1, '0.48'),
(737, 1, '2023-05-25 07:52:23', '2023-10-26 21:44:16', 1, '0.39'),
(738, 1, '2023-03-08 05:48:45', '2023-10-26 21:44:16', 1, '0.38'),
(739, 5, '2022-12-19 15:52:34', '2023-10-26 21:44:16', 1, '0.01'),
(742, 5, '2023-02-23 16:29:05', '2023-10-26 21:44:16', 1, '0.62'),
(746, 1, '2022-12-07 19:51:47', '2023-10-26 21:44:16', 1, '0.41'),
(747, 5, '2023-05-09 01:28:13', '2023-10-26 21:44:16', 1, '0.56'),
(748, 3, '2022-12-31 00:39:15', '2023-10-26 21:44:16', 1, '0.56'),
(750, 3, '2023-04-19 21:43:02', '2023-10-26 21:44:16', 1, '0.52'),
(751, 1, '2023-08-26 13:49:17', '2023-10-26 21:44:16', 1, '0.64'),
(752, 1, '2022-12-08 20:34:08', '2023-10-26 21:44:16', 1, '0.01'),
(753, 1, '2023-03-26 15:37:12', '2023-10-26 21:44:16', 1, '0.10'),
(755, 1, '2023-05-06 02:57:53', '2023-10-26 21:44:16', 1, '0.23'),
(757, 5, '2023-08-21 12:28:50', '2023-10-26 21:44:16', 1, '0.16'),
(758, 1, '2023-05-01 08:05:20', '2023-10-26 21:44:16', 1, '0.76'),
(759, 3, '2023-04-18 08:00:09', '2023-10-26 21:44:16', 1, '0.36'),
(760, 5, '2023-02-21 18:33:42', '2023-10-26 21:44:16', 1, '0.02'),
(761, 3, '2023-06-30 19:10:21', '2023-10-26 21:44:16', 1, '0.85'),
(762, 1, '2022-12-27 23:53:01', '2023-10-26 21:44:16', 1, '0.11'),
(763, 3, '2022-10-29 01:01:54', '2023-10-26 21:44:16', 1, '0.71'),
(766, 1, '2023-04-13 01:17:47', '2023-10-26 21:44:16', 1, '0.07'),
(768, 1, '2023-05-10 13:17:30', '2023-10-26 21:44:16', 1, '0.18'),
(769, 1, '2022-12-31 15:47:45', '2023-10-26 21:44:16', 1, '0.79'),
(770, 3, '2023-02-28 04:29:57', '2023-10-26 21:44:16', 1, '0.59'),
(771, 5, '2023-01-29 18:56:21', '2023-10-26 21:44:16', 1, '0.75'),
(772, 1, '2023-02-28 12:34:52', '2023-10-26 21:44:16', 1, '0.46'),
(775, 5, '2023-09-30 02:22:20', '2023-10-26 21:44:16', 1, '0.77'),
(776, 1, '2023-09-11 02:10:34', '2023-10-26 21:44:16', 1, '0.77'),
(777, 3, '2023-06-09 22:43:35', '2023-10-26 21:44:16', 1, '0.96'),
(779, 1, '2023-07-13 08:37:43', '2023-10-26 21:44:16', 1, '0.60'),
(781, 1, '2022-12-09 00:21:44', '2023-10-26 21:44:16', 1, '0.42'),
(786, 3, '2022-11-03 11:52:41', '2023-10-26 21:44:16', 1, '0.08'),
(787, 1, '2023-09-10 05:13:14', '2023-10-26 21:44:16', 1, '0.18'),
(790, 3, '2022-10-26 05:09:10', '2023-10-26 21:44:16', 1, '0.38'),
(791, 5, '2023-04-27 14:53:00', '2023-10-26 21:44:16', 1, '0.65'),
(792, 5, '2022-12-29 09:47:28', '2023-10-26 21:44:16', 1, '0.10'),
(793, 3, '2023-10-10 22:41:18', '2023-10-26 21:44:16', 1, '0.78'),
(794, 5, '2022-12-22 04:21:57', '2023-10-26 21:44:16', 1, '0.54'),
(795, 5, '2022-11-23 05:37:57', '2023-10-26 21:44:16', 1, '0.42'),
(796, 3, '2023-06-27 00:08:21', '2023-10-26 21:44:16', 1, '0.21'),
(797, 1, '2023-06-13 17:43:03', '2023-10-26 21:44:16', 1, '0.29'),
(799, 1, '2022-12-24 12:48:48', '2023-10-26 21:44:16', 1, '0.32'),
(800, 3, '2023-07-25 15:46:59', '2023-10-26 21:44:16', 1, '0.59'),
(801, 3, '2023-01-15 01:02:20', '2023-10-26 21:44:16', 1, '0.72'),
(802, 1, '2023-10-06 05:38:32', '2023-10-26 21:44:16', 1, '0.29'),
(804, 5, '2023-06-02 20:11:41', '2023-10-26 21:44:16', 1, '0.92'),
(806, 1, '2022-10-27 12:55:42', '2023-10-26 21:44:16', 1, '0.57'),
(807, 3, '2023-07-30 17:07:41', '2023-10-26 21:44:16', 1, '0.13'),
(809, 3, '2023-01-02 00:03:56', '2023-10-26 21:44:16', 1, '0.59'),
(812, 5, '2023-02-05 18:03:08', '2023-10-26 21:44:16', 1, '0.08'),
(813, 5, '2023-04-04 04:24:17', '2023-10-26 21:44:16', 1, '0.39'),
(815, 5, '2023-05-06 14:08:51', '2023-10-26 21:44:16', 1, '0.18'),
(816, 5, '2023-06-23 10:31:35', '2023-10-26 21:44:16', 1, '0.26'),
(817, 3, '2023-10-22 02:15:55', '2023-10-26 21:44:16', 1, '0.83'),
(819, 5, '2023-10-15 01:37:18', '2023-10-26 21:44:16', 1, '0.13'),
(820, 3, '2023-09-28 20:23:21', '2023-10-26 21:44:16', 1, '0.59'),
(821, 5, '2023-10-01 09:26:31', '2023-10-26 21:44:16', 1, '0.79'),
(823, 3, '2023-04-08 11:10:46', '2023-10-26 21:44:16', 1, '0.35'),
(824, 1, '2023-06-16 03:26:25', '2023-10-26 21:44:16', 1, '0.66'),
(826, 1, '2023-02-28 22:03:39', '2023-10-26 21:44:16', 1, '0.92'),
(827, 3, '2023-04-09 18:12:17', '2023-10-26 21:44:16', 1, '0.45'),
(828, 3, '2022-10-25 18:03:26', '2023-10-26 21:44:16', 1, '0.87'),
(830, 1, '2023-10-13 12:51:34', '2023-10-26 21:44:16', 1, '0.02'),
(831, 1, '2022-11-15 20:02:58', '2023-10-26 21:44:16', 1, '0.83'),
(834, 3, '2023-09-14 18:32:06', '2023-10-26 21:44:16', 1, '0.74'),
(835, 3, '2022-12-30 08:07:14', '2023-10-26 21:44:16', 1, '0.81'),
(836, 3, '2023-03-14 18:08:35', '2023-10-26 21:44:16', 1, '0.02'),
(838, 3, '2023-01-07 17:19:14', '2023-10-26 21:44:16', 1, '0.88'),
(839, 3, '2023-04-26 06:28:52', '2023-10-26 21:44:16', 1, '0.77'),
(840, 1, '2023-09-08 17:23:00', '2023-10-26 21:44:16', 1, '0.84'),
(842, 3, '2023-03-22 23:57:55', '2023-10-26 21:44:16', 1, '0.79'),
(843, 3, '2023-05-19 05:44:14', '2023-10-26 21:44:16', 1, '0.07'),
(845, 5, '2023-04-06 12:39:43', '2023-10-26 21:44:16', 1, '0.32'),
(846, 5, '2023-03-22 19:33:50', '2023-10-26 21:44:16', 1, '0.28'),
(847, 1, '2023-06-20 07:41:01', '2023-10-26 21:44:16', 1, '0.81'),
(848, 5, '2023-01-31 14:12:12', '2023-10-26 21:44:16', 1, '0.86'),
(849, 1, '2023-10-22 16:09:58', '2023-10-26 21:44:16', 1, '0.60'),
(850, 5, '2023-05-18 23:04:25', '2023-10-26 21:44:16', 1, '0.04'),
(851, 1, '2023-10-19 06:27:22', '2023-10-26 21:44:16', 1, '0.93'),
(852, 5, '2023-10-06 04:11:41', '2023-10-26 21:44:16', 1, '0.81'),
(854, 3, '2023-08-02 06:48:30', '2023-10-26 21:44:16', 1, '0.40'),
(855, 5, '2023-03-03 07:47:52', '2023-10-26 21:44:16', 1, '0.25'),
(858, 3, '2022-12-11 06:28:13', '2023-10-26 21:44:16', 1, '0.06'),
(860, 5, '2023-03-25 00:59:26', '2023-10-26 21:44:16', 1, '0.43'),
(861, 3, '2023-09-26 00:44:18', '2023-10-26 21:44:16', 1, '0.52'),
(862, 1, '2023-10-20 04:51:47', '2023-10-26 21:44:16', 1, '0.84'),
(863, 1, '2023-01-28 11:29:20', '2023-10-26 21:44:16', 1, '0.88'),
(866, 1, '2023-01-26 04:21:47', '2023-10-26 21:44:16', 1, '0.84'),
(867, 3, '2023-09-30 15:36:48', '2023-10-26 21:44:16', 1, '0.90'),
(868, 3, '2022-11-05 02:23:42', '2023-10-26 21:44:16', 1, '0.26'),
(869, 3, '2023-03-13 16:03:40', '2023-10-26 21:44:16', 1, '0.81'),
(871, 5, '2023-08-04 07:35:53', '2023-10-26 21:44:16', 1, '0.19'),
(873, 3, '2022-12-27 20:04:30', '2023-10-26 21:44:16', 1, '0.89'),
(874, 1, '2023-05-08 02:45:20', '2023-10-26 21:44:16', 1, '0.81'),
(878, 3, '2022-11-19 15:21:24', '2023-10-26 21:44:16', 1, '0.52'),
(880, 3, '2022-11-30 20:21:37', '2023-10-26 21:44:16', 1, '0.76'),
(882, 3, '2023-07-30 15:49:20', '2023-10-26 21:44:16', 1, '0.69'),
(883, 1, '2023-08-16 13:28:26', '2023-10-26 21:44:16', 1, '0.26'),
(884, 1, '2023-06-29 21:22:14', '2023-10-26 21:44:16', 1, '0.07'),
(885, 5, '2023-10-21 00:59:53', '2023-10-26 21:44:16', 1, '0.94'),
(887, 1, '2023-01-22 19:09:03', '2023-10-26 21:44:16', 1, '0.24'),
(890, 1, '2023-05-28 11:47:54', '2023-10-26 21:44:16', 1, '0.54'),
(894, 1, '2023-01-11 17:15:44', '2023-10-26 21:44:16', 1, '0.47'),
(895, 5, '2023-05-21 05:24:22', '2023-10-26 21:44:16', 1, '0.78'),
(898, 3, '2022-12-20 01:54:12', '2023-10-26 21:44:16', 1, '0.93'),
(903, 5, '2022-11-23 04:25:09', '2023-10-26 21:44:16', 1, '0.63'),
(904, 3, '2023-08-04 10:50:27', '2023-10-26 21:44:16', 1, '0.98'),
(906, 3, '2023-04-13 03:48:28', '2023-10-26 21:44:16', 1, '0.65'),
(909, 3, '2023-10-08 21:16:13', '2023-10-26 21:44:16', 1, '0.70'),
(910, 5, '2022-11-09 00:34:32', '2023-10-26 21:44:16', 1, '0.49'),
(911, 5, '2023-06-20 03:00:50', '2023-10-26 21:44:16', 1, '0.41'),
(912, 1, '2023-01-16 01:27:19', '2023-10-26 21:44:16', 1, '0.37'),
(913, 1, '2023-01-19 09:34:15', '2023-10-26 21:44:16', 1, '0.12'),
(914, 1, '2023-04-30 13:25:59', '2023-10-26 21:44:16', 1, '0.95'),
(915, 1, '2023-09-22 09:34:25', '2023-10-26 21:44:16', 1, '0.99'),
(916, 5, '2022-10-31 17:06:24', '2023-10-26 21:44:16', 1, '0.86'),
(919, 5, '2023-10-04 08:58:41', '2023-10-26 21:44:16', 1, '0.66'),
(920, 1, '2023-08-01 10:20:46', '2023-10-26 21:44:16', 1, '0.22'),
(921, 5, '2023-02-14 22:56:19', '2023-10-26 21:44:16', 1, '0.47'),
(922, 5, '2023-08-17 04:32:23', '2023-10-26 21:44:16', 1, '0.10'),
(923, 5, '2023-04-28 13:23:24', '2023-10-26 21:44:16', 1, '0.97'),
(924, 3, '2023-02-10 00:10:43', '2023-10-26 21:44:16', 1, '0.32'),
(926, 5, '2023-03-28 01:17:08', '2023-10-26 21:44:16', 1, '0.90'),
(927, 5, '2023-03-05 17:00:32', '2023-10-26 21:44:16', 1, '0.05'),
(928, 5, '2023-08-08 09:35:33', '2023-10-26 21:44:16', 1, '0.84'),
(929, 1, '2023-10-19 20:44:44', '2023-10-26 21:44:16', 1, '0.55'),
(930, 1, '2023-03-18 04:06:32', '2023-10-26 21:44:16', 1, '0.55'),
(931, 5, '2022-11-28 03:54:23', '2023-10-26 21:44:16', 1, '0.88'),
(932, 1, '2023-06-27 04:42:06', '2023-10-26 21:44:16', 1, '0.71'),
(933, 3, '2023-08-15 10:04:12', '2023-10-26 21:44:16', 1, '0.02'),
(936, 5, '2023-04-21 22:49:16', '2023-10-26 21:44:16', 1, '0.04'),
(938, 1, '2023-07-30 04:25:31', '2023-10-26 21:44:16', 1, '0.26'),
(940, 3, '2023-10-19 13:58:42', '2023-10-26 21:44:16', 1, '0.25'),
(943, 5, '2022-12-26 11:31:05', '2023-10-26 21:44:16', 1, '0.01'),
(945, 3, '2023-04-05 23:23:01', '2023-10-26 21:44:16', 1, '0.93'),
(946, 5, '2023-02-27 18:50:42', '2023-10-26 21:44:16', 1, '0.72'),
(947, 1, '2023-06-01 17:22:57', '2023-10-26 21:44:16', 1, '0.54'),
(948, 5, '2022-12-17 23:35:32', '2023-10-26 21:44:16', 1, '0.94'),
(949, 1, '2023-08-10 05:09:39', '2023-10-26 21:44:16', 1, '0.70'),
(950, 1, '2023-03-14 01:28:04', '2023-10-26 21:44:16', 1, '0.64'),
(951, 3, '2023-05-29 15:12:03', '2023-10-26 21:44:16', 1, '0.96'),
(952, 5, '2023-01-22 20:38:39', '2023-10-26 21:44:16', 1, '0.21'),
(956, 3, '2023-05-25 10:00:15', '2023-10-26 21:44:16', 1, '0.42'),
(957, 5, '2023-07-23 21:34:33', '2023-10-26 21:44:16', 1, '0.66'),
(958, 5, '2023-10-09 15:23:20', '2023-10-26 21:44:16', 1, '0.86'),
(961, 3, '2023-05-27 23:47:05', '2023-10-26 21:44:16', 1, '0.38'),
(963, 5, '2023-01-24 09:26:28', '2023-10-26 21:44:16', 1, '0.19'),
(964, 5, '2023-02-09 14:22:31', '2023-10-26 21:44:16', 1, '0.96'),
(966, 3, '2023-05-31 12:40:55', '2023-10-26 21:44:16', 1, '0.82'),
(968, 3, '2023-08-12 14:18:29', '2023-10-26 21:44:16', 1, '0.62'),
(969, 1, '2023-08-18 13:19:57', '2023-10-26 21:44:16', 1, '0.70'),
(970, 3, '2023-03-18 06:11:52', '2023-10-26 21:44:16', 1, '0.04'),
(972, 1, '2023-05-04 12:36:42', '2023-10-26 21:44:16', 1, '0.25'),
(974, 1, '2023-01-12 13:54:22', '2023-10-26 21:44:16', 1, '0.62'),
(975, 5, '2023-01-17 19:20:20', '2023-10-26 21:44:16', 1, '0.70'),
(976, 1, '2023-06-18 22:00:07', '2023-10-26 21:44:16', 1, '0.79'),
(979, 5, '2022-10-28 10:56:35', '2023-10-26 21:44:16', 1, '0.29'),
(980, 3, '2023-01-21 09:24:44', '2023-10-26 21:44:16', 1, '0.43'),
(983, 1, '2023-01-31 07:42:17', '2023-10-26 21:44:16', 1, '0.79'),
(984, 5, '2022-11-28 18:07:58', '2023-10-26 21:44:16', 1, '0.26'),
(985, 1, '2023-06-27 20:52:23', '2023-10-26 21:44:16', 1, '0.34'),
(986, 5, '2023-09-11 08:44:09', '2023-10-26 21:44:16', 1, '0.46'),
(988, 3, '2023-02-01 03:38:42', '2023-10-26 21:44:16', 1, '0.61'),
(989, 3, '2023-09-15 20:26:48', '2023-10-26 21:44:16', 1, '0.56'),
(990, 3, '2023-05-19 14:24:24', '2023-10-26 21:44:16', 1, '0.84'),
(992, 1, '2023-02-12 11:50:37', '2023-10-26 21:44:16', 1, '0.90'),
(994, 3, '2023-06-09 15:51:20', '2023-10-26 21:44:16', 1, '0.28'),
(995, 5, '2023-02-25 18:13:16', '2023-10-26 21:44:16', 1, '0.80'),
(997, 3, '2023-10-02 02:09:09', '2023-10-26 21:44:16', 1, '0.81'),
(1006, 19, '2023-11-05 04:25:08', '2023-11-05 04:25:08', 1, '0.80'),
(1007, 19, '2023-11-05 04:26:05', '2023-11-05 04:26:05', 1, '0.80'),
(1008, 19, '2023-11-05 04:26:52', '2023-11-05 04:26:52', 1, '0.80'),
(1009, 19, '2023-11-05 04:28:08', '2023-11-05 04:28:08', 1, '0.80'),
(1010, 19, '2023-11-06 01:12:16', '2023-11-06 01:12:16', 1, '0.80'),
(1011, 28, '2023-11-06 02:21:20', '2023-11-06 02:21:20', 1, '2.40'),
(1012, 28, '2023-11-06 02:21:55', '2023-11-06 02:21:55', 1, '2.40');

-- --------------------------------------------------------

--
-- Table structure for table `failed_jobs`
--

CREATE TABLE `failed_jobs` (
  `id` bigint(20) UNSIGNED NOT NULL,
  `uuid` varchar(255) COLLATE utf8mb4_unicode_ci NOT NULL,
  `connection` text COLLATE utf8mb4_unicode_ci NOT NULL,
  `queue` text COLLATE utf8mb4_unicode_ci NOT NULL,
  `payload` longtext COLLATE utf8mb4_unicode_ci NOT NULL,
  `exception` longtext COLLATE utf8mb4_unicode_ci NOT NULL,
  `failed_at` timestamp NOT NULL DEFAULT CURRENT_TIMESTAMP
) ENGINE=InnoDB DEFAULT CHARSET=utf8mb4 COLLATE=utf8mb4_unicode_ci;

-- --------------------------------------------------------

--
-- Table structure for table `migrations`
--

CREATE TABLE `migrations` (
  `id` int(10) UNSIGNED NOT NULL,
  `migration` varchar(255) COLLATE utf8mb4_unicode_ci NOT NULL,
  `batch` int(11) NOT NULL
) ENGINE=InnoDB DEFAULT CHARSET=utf8mb4 COLLATE=utf8mb4_unicode_ci;

--
-- Dumping data for table `migrations`
--

INSERT INTO `migrations` (`id`, `migration`, `batch`) VALUES
(1, '2014_10_12_000000_create_users_table', 1),
(2, '2014_10_12_100000_create_password_reset_tokens_table', 1),
(3, '2019_08_19_000000_create_failed_jobs_table', 1),
(4, '2019_12_14_000001_create_personal_access_tokens_table', 1),
(5, '2023_10_10_123117_create_offers_table', 2),
(6, '2023_10_10_123219_create_offer_topics_table', 2),
(7, '2023_10_10_123244_create_subscriptions_table', 2),
(8, '2023_10_12_001510_topics', 3),
(9, '2023_10_24_084027_add_topic_to_offers', 4),
(10, '2023_10_25_083933_create_clicks_table', 5),
(11, '2023_10_27_043026_add_click_columns_to_clicks', 6),
(12, '2023_11_05_104529_add_status_column_to_subscriptions_and_foreign_key_to_clicks', 7),
(13, '2023_11_06_095059_add_deleted_at_to_offers_table', 8);

-- --------------------------------------------------------

--
-- Table structure for table `offers`
--

CREATE TABLE `offers` (
  `id` bigint(20) UNSIGNED NOT NULL,
  `title` varchar(255) COLLATE utf8mb4_unicode_ci NOT NULL,
  `topic_id` bigint(20) UNSIGNED NOT NULL,
  `url` varchar(255) COLLATE utf8mb4_unicode_ci NOT NULL,
  `price_per_click` decimal(10,2) NOT NULL,
  `user_id` bigint(20) UNSIGNED NOT NULL,
  `created_at` timestamp NULL DEFAULT NULL,
  `updated_at` timestamp NULL DEFAULT NULL,
  `deleted_at` timestamp NULL DEFAULT NULL
) ENGINE=InnoDB DEFAULT CHARSET=utf8mb4 COLLATE=utf8mb4_unicode_ci;

--
-- Dumping data for table `offers`
--

INSERT INTO `offers` (`id`, `title`, `topic_id`, `url`, `price_per_click`, `user_id`, `created_at`, `updated_at`, `deleted_at`) VALUES
(1, 'Путешествие в Европу', 1, 'https://example.com/travel-europe', '1.00', 1, '2023-10-11 16:59:52', '2023-11-06 01:09:50', NULL),
(2, 'Лучшие рецепты пасты', 2, 'https://example.com/pasta-recipes', '0.75', 3, '2023-10-11 16:59:52', '2023-10-11 16:59:52', NULL),
(3, 'Спортивное оборудование', 2, 'https://example.com/sports-gear', '0.70', 1, '2023-10-11 16:59:52', '2023-10-24 03:11:32', NULL),
(4, 'Искусство и культура мира', 4, 'https://example.com/art-culture', '0.80', 3, '2023-10-11 16:59:52', '2023-10-11 16:59:52', NULL),
(5, 'Семейный блог', 5, 'https://example.com/family-blog', '0.70', 1, '2023-10-11 16:59:52', '2023-10-11 16:59:52', NULL),
(30, 'Тест 2', 6, 'https://yoshiparts.com/', '1.00', 1, '2023-10-23 03:02:57', '2023-10-23 03:02:57', NULL),
(31, 'Тестирую', 5, 'http://vk.com/feed', '3.00', 4, '2023-11-06 01:37:19', '2023-11-06 02:52:52', '2023-11-06 02:52:52'),
(32, 'кимуиуыки', 2, 'https://yoshiparts.com/', '3.00', 4, '2023-11-06 02:58:49', '2023-11-06 02:58:49', NULL);

-- --------------------------------------------------------

--
-- Table structure for table `offer_topics`
--

CREATE TABLE `offer_topics` (
  `id` bigint(20) UNSIGNED NOT NULL,
  `offer_id` bigint(20) UNSIGNED NOT NULL,
  `topic_id` bigint(20) UNSIGNED NOT NULL,
  `created_at` timestamp NULL DEFAULT NULL,
  `updated_at` timestamp NULL DEFAULT NULL
) ENGINE=InnoDB DEFAULT CHARSET=utf8mb4 COLLATE=utf8mb4_unicode_ci;

--
-- Dumping data for table `offer_topics`
--

INSERT INTO `offer_topics` (`id`, `offer_id`, `topic_id`, `created_at`, `updated_at`) VALUES
(1, 1, 5, '2023-10-11 17:29:46', '2023-10-11 17:29:46'),
(2, 2, 7, '2023-10-11 17:29:46', '2023-10-11 17:29:46'),
(3, 3, 3, '2023-10-11 17:29:46', '2023-10-11 17:29:46'),
(4, 4, 3, '2023-10-11 17:29:46', '2023-10-11 17:29:46'),
(5, 5, 5, '2023-10-11 17:29:46', '2023-10-11 17:29:46'),
(6, 1, 9, '2023-10-11 17:29:46', '2023-10-11 17:29:46'),
(7, 2, 3, '2023-10-11 17:29:46', '2023-10-11 17:29:46'),
(8, 3, 6, '2023-10-11 17:29:46', '2023-10-11 17:29:46'),
(9, 4, 5, '2023-10-11 17:29:46', '2023-10-11 17:29:46'),
(10, 5, 10, '2023-10-11 17:29:46', '2023-10-11 17:29:46'),
(11, 5, 4, '2023-10-11 17:29:46', '2023-10-11 17:29:46'),
(34, 30, 1, '2023-10-23 03:02:57', '2023-10-23 03:02:57');

-- --------------------------------------------------------

--
-- Table structure for table `password_reset_tokens`
--

CREATE TABLE `password_reset_tokens` (
  `email` varchar(255) COLLATE utf8mb4_unicode_ci NOT NULL,
  `token` varchar(255) COLLATE utf8mb4_unicode_ci NOT NULL,
  `created_at` timestamp NULL DEFAULT NULL
) ENGINE=InnoDB DEFAULT CHARSET=utf8mb4 COLLATE=utf8mb4_unicode_ci;

-- --------------------------------------------------------

--
-- Table structure for table `personal_access_tokens`
--

CREATE TABLE `personal_access_tokens` (
  `id` bigint(20) UNSIGNED NOT NULL,
  `tokenable_type` varchar(255) COLLATE utf8mb4_unicode_ci NOT NULL,
  `tokenable_id` bigint(20) UNSIGNED NOT NULL,
  `name` varchar(255) COLLATE utf8mb4_unicode_ci NOT NULL,
  `token` varchar(64) COLLATE utf8mb4_unicode_ci NOT NULL,
  `abilities` text COLLATE utf8mb4_unicode_ci,
  `last_used_at` timestamp NULL DEFAULT NULL,
  `expires_at` timestamp NULL DEFAULT NULL,
  `created_at` timestamp NULL DEFAULT NULL,
  `updated_at` timestamp NULL DEFAULT NULL
) ENGINE=InnoDB DEFAULT CHARSET=utf8mb4 COLLATE=utf8mb4_unicode_ci;

-- --------------------------------------------------------

--
-- Table structure for table `subscriptions`
--

CREATE TABLE `subscriptions` (
  `id` bigint(20) UNSIGNED NOT NULL,
  `unique_url` varchar(255) COLLATE utf8mb4_unicode_ci NOT NULL,
  `user_id` bigint(20) UNSIGNED NOT NULL,
  `offer_id` bigint(20) UNSIGNED NOT NULL,
  `created_at` timestamp NULL DEFAULT NULL,
  `updated_at` timestamp NULL DEFAULT NULL,
  `is_active` tinyint(1) NOT NULL DEFAULT '0'
) ENGINE=InnoDB DEFAULT CHARSET=utf8mb4 COLLATE=utf8mb4_unicode_ci;

--
-- Dumping data for table `subscriptions`
--

INSERT INTO `subscriptions` (`id`, `unique_url`, `user_id`, `offer_id`, `created_at`, `updated_at`, `is_active`) VALUES
(1, 'https://example.com/travel-europe', 1, 1, '2023-10-11 17:12:26', '2023-10-11 17:12:26', 1),
(3, 'https://example.com/sports-gear', 3, 1, '2023-10-11 17:12:26', '2023-10-11 17:12:26', 1),
(5, 'https://example.com/family-blog', 1, 4, '2023-10-11 17:12:26', '2023-10-11 17:12:26', 1),
(15, 'http://127.0.0.1:8000/track-click?ref=q9naDeSc2X&user_id=2', 2, 2, '2023-11-05 02:07:02', '2023-11-05 02:07:02', 1),
(16, 'http://127.0.0.1:8000/track-click?ref=5qX54uCSL8&user_id=2', 2, 1, '2023-11-05 02:07:09', '2023-11-05 02:07:09', 1),
(19, 'http://127.0.0.1:8000/track-click?ref=hx1gAHEntF&user_id=2', 2, 30, '2023-11-05 04:10:17', '2023-11-06 01:12:52', 0),
(24, 'http://127.0.0.1:8000/track-click?ref=8H34FAndRZ&user_id=2', 2, 3, '2023-11-06 00:51:23', '2023-11-06 03:51:05', 1),
(25, 'http://127.0.0.1:8000/track-click?ref=fZBGbla1jh&user_id=2', 2, 4, '2023-11-06 00:51:29', '2023-11-06 01:05:53', 0),
(26, 'http://127.0.0.1:8000/track-click?ref=wc9xUeHqB3&user_id=2', 2, 5, '2023-11-06 00:51:31', '2023-11-06 01:00:30', 0),
(27, 'http://127.0.0.1:8000/track-click?ref=pRabsUODQk&user_id=5', 5, 1, '2023-11-06 01:46:37', '2023-11-06 02:20:58', 0),
(28, 'http://127.0.0.1:8000/track-click?ref=buSmj9BHrx&user_id=5', 5, 31, '2023-11-06 02:21:10', '2023-11-06 02:22:22', 0),
(29, 'http://127.0.0.1:8000/track-click?ref=OBUBW0jYAc&user_id=2', 2, 31, '2023-11-06 02:39:36', '2023-11-06 02:39:36', 1);

-- --------------------------------------------------------

--
-- Table structure for table `topics`
--

CREATE TABLE `topics` (
  `id` bigint(20) UNSIGNED NOT NULL,
  `topic` varchar(255) COLLATE utf8mb4_unicode_ci NOT NULL,
  `created_at` timestamp NULL DEFAULT NULL,
  `updated_at` timestamp NULL DEFAULT NULL
) ENGINE=InnoDB DEFAULT CHARSET=utf8mb4 COLLATE=utf8mb4_unicode_ci;

--
-- Dumping data for table `topics`
--

INSERT INTO `topics` (`id`, `topic`, `created_at`, `updated_at`) VALUES
(1, 'Автомобили', '2023-10-11 17:27:12', '2023-10-11 17:27:12'),
(2, 'Технологии', '2023-10-11 17:27:12', '2023-10-11 17:27:12'),
(3, 'Здоровье и фитнес', '2023-10-11 17:27:12', '2023-10-11 17:27:12'),
(4, 'Кулинария и рецепты', '2023-10-11 17:27:12', '2023-10-11 17:27:12'),
(5, 'Путешествия', '2023-10-11 17:27:12', '2023-10-11 17:27:12'),
(6, 'Спорт и фитнес', '2023-10-11 17:27:12', '2023-10-11 17:27:12'),
(7, 'Мода и стиль', '2023-10-11 17:27:12', '2023-10-11 17:27:12'),
(8, 'Финансы и инвестиции', '2023-10-11 17:27:12', '2023-10-11 17:27:12'),
(9, 'Искусство и культура', '2023-10-11 17:27:12', '2023-10-11 17:27:12'),
(10, 'Дом и семья', '2023-10-11 17:27:12', '2023-10-11 17:27:12');

-- --------------------------------------------------------

--
-- Table structure for table `users`
--

CREATE TABLE `users` (
  `id` bigint(20) UNSIGNED NOT NULL,
  `name` varchar(255) COLLATE utf8mb4_unicode_ci NOT NULL,
  `email` varchar(255) COLLATE utf8mb4_unicode_ci NOT NULL,
  `email_verified_at` timestamp NULL DEFAULT NULL,
  `password` varchar(255) COLLATE utf8mb4_unicode_ci NOT NULL,
  `role` varchar(10) COLLATE utf8mb4_unicode_ci NOT NULL,
  `user_connection_id` varchar(255) COLLATE utf8mb4_unicode_ci DEFAULT NULL,
  `remember_token` varchar(100) COLLATE utf8mb4_unicode_ci DEFAULT NULL,
  `created_at` timestamp NULL DEFAULT NULL,
  `updated_at` timestamp NULL DEFAULT NULL
) ENGINE=InnoDB DEFAULT CHARSET=utf8mb4 COLLATE=utf8mb4_unicode_ci;

--
-- Dumping data for table `users`
--

INSERT INTO `users` (`id`, `name`, `email`, `email_verified_at`, `password`, `role`, `user_connection_id`, `remember_token`, `created_at`, `updated_at`) VALUES
(1, 'Ivan Us', 'hi@ivan-us.com', NULL, '$2y$10$FNayVOB1owHeiQ0t1rl0QeYZU2WyKtEUsIL6SbXE.aEWorVMHJTTy', 'user', NULL, 'Sz3QUSmeqMCuNnq6ApxB7sX9TOAUmzVcGnUzFgQw2BpFz9Xv6oUcujhhYcrz', '2023-09-30 02:29:42', '2023-09-30 02:29:42'),
(2, 'Иван Устинов', 'willworldross@gmail.com', NULL, '$2y$10$51Q8rlFI1MmQXkpuFS09dOO7Dcjnm.NYrfNmiAx.Rt5qVSRjPoQOy', 'admin', NULL, '7ttCZG3LDLCtG9gs5u02BALODQHRbqCwZWSw2bcUVCysII2rfmreDl13IKLS', '2023-10-08 01:16:49', '2023-10-08 01:16:49'),
(3, 'Иван Тестовый', 'dsave@gmail.com', NULL, '$2y$10$51Q8rlFI1MmQXkpuFS09dOO7Dcjnm.NYrfNmiAx.Rt5qVSRjPoQOy', 'user', NULL, NULL, '2023-10-08 01:16:49', '2023-10-08 01:16:49'),
(4, 'Петр', 'info@vilka.pro', NULL, '$2y$10$tGqenxVWkek8aOUftiHiGesU6lHvUNr0IF.exYBIwMxm3fn.bDFNO', 'user', NULL, NULL, '2023-11-06 01:15:24', '2023-11-06 01:15:24'),
(5, 'Вася', 'us@vilka.pro', NULL, '$2y$10$2J3Jxtnl9EzqiEmIwkrV1eyLVMWtUZs7ZUTzzZ6Vs19bpMvPVES6W', 'admin', NULL, NULL, '2023-11-06 01:37:50', '2023-11-06 01:37:50');

--
-- Indexes for dumped tables
--

--
-- Indexes for table `clicks`
--
ALTER TABLE `clicks`
  ADD PRIMARY KEY (`id`),
  ADD KEY `clicks_subscription_id_foreign` (`subscription_id`);

--
-- Indexes for table `failed_jobs`
--
ALTER TABLE `failed_jobs`
  ADD PRIMARY KEY (`id`),
  ADD UNIQUE KEY `failed_jobs_uuid_unique` (`uuid`);

--
-- Indexes for table `migrations`
--
ALTER TABLE `migrations`
  ADD PRIMARY KEY (`id`);

--
-- Indexes for table `offers`
--
ALTER TABLE `offers`
  ADD PRIMARY KEY (`id`),
  ADD KEY `offers_user_id_foreign` (`user_id`),
  ADD KEY `offers_topic_id_foreign` (`topic_id`);

--
-- Indexes for table `offer_topics`
--
ALTER TABLE `offer_topics`
  ADD PRIMARY KEY (`id`),
  ADD UNIQUE KEY `unique_offer_topic` (`offer_id`,`topic_id`),
  ADD KEY `offer_topics_topic_id_foreign` (`topic_id`);

--
-- Indexes for table `password_reset_tokens`
--
ALTER TABLE `password_reset_tokens`
  ADD PRIMARY KEY (`email`);

--
-- Indexes for table `personal_access_tokens`
--
ALTER TABLE `personal_access_tokens`
  ADD PRIMARY KEY (`id`),
  ADD UNIQUE KEY `personal_access_tokens_token_unique` (`token`),
  ADD KEY `personal_access_tokens_tokenable_type_tokenable_id_index` (`tokenable_type`,`tokenable_id`);

--
-- Indexes for table `subscriptions`
--
ALTER TABLE `subscriptions`
  ADD PRIMARY KEY (`id`),
  ADD UNIQUE KEY `subscriptions_user_id_offer_id_unique` (`user_id`,`offer_id`),
  ADD UNIQUE KEY `subscriptions_unique_url_unique` (`unique_url`),
  ADD KEY `subscriptions_offer_id_foreign` (`offer_id`);

--
-- Indexes for table `topics`
--
ALTER TABLE `topics`
  ADD PRIMARY KEY (`id`);

--
-- Indexes for table `users`
--
ALTER TABLE `users`
  ADD PRIMARY KEY (`id`),
  ADD UNIQUE KEY `users_email_unique` (`email`);

--
-- AUTO_INCREMENT for dumped tables
--

--
-- AUTO_INCREMENT for table `clicks`
--
ALTER TABLE `clicks`
  MODIFY `id` bigint(20) UNSIGNED NOT NULL AUTO_INCREMENT, AUTO_INCREMENT=1013;

--
-- AUTO_INCREMENT for table `failed_jobs`
--
ALTER TABLE `failed_jobs`
  MODIFY `id` bigint(20) UNSIGNED NOT NULL AUTO_INCREMENT;

--
-- AUTO_INCREMENT for table `migrations`
--
ALTER TABLE `migrations`
  MODIFY `id` int(10) UNSIGNED NOT NULL AUTO_INCREMENT, AUTO_INCREMENT=14;

--
-- AUTO_INCREMENT for table `offers`
--
ALTER TABLE `offers`
  MODIFY `id` bigint(20) UNSIGNED NOT NULL AUTO_INCREMENT, AUTO_INCREMENT=33;

--
-- AUTO_INCREMENT for table `offer_topics`
--
ALTER TABLE `offer_topics`
  MODIFY `id` bigint(20) UNSIGNED NOT NULL AUTO_INCREMENT, AUTO_INCREMENT=35;

--
-- AUTO_INCREMENT for table `personal_access_tokens`
--
ALTER TABLE `personal_access_tokens`
  MODIFY `id` bigint(20) UNSIGNED NOT NULL AUTO_INCREMENT;

--
-- AUTO_INCREMENT for table `subscriptions`
--
ALTER TABLE `subscriptions`
  MODIFY `id` bigint(20) UNSIGNED NOT NULL AUTO_INCREMENT, AUTO_INCREMENT=30;

--
-- AUTO_INCREMENT for table `topics`
--
ALTER TABLE `topics`
  MODIFY `id` bigint(20) UNSIGNED NOT NULL AUTO_INCREMENT, AUTO_INCREMENT=11;

--
-- AUTO_INCREMENT for table `users`
--
ALTER TABLE `users`
  MODIFY `id` bigint(20) UNSIGNED NOT NULL AUTO_INCREMENT, AUTO_INCREMENT=6;

--
-- Constraints for dumped tables
--

--
-- Constraints for table `clicks`
--
ALTER TABLE `clicks`
  ADD CONSTRAINT `clicks_subscription_id_foreign` FOREIGN KEY (`subscription_id`) REFERENCES `subscriptions` (`id`);

--
-- Constraints for table `offers`
--
ALTER TABLE `offers`
  ADD CONSTRAINT `offers_topic_id_foreign` FOREIGN KEY (`topic_id`) REFERENCES `topics` (`id`),
  ADD CONSTRAINT `offers_user_id_foreign` FOREIGN KEY (`user_id`) REFERENCES `users` (`id`);

--
-- Constraints for table `offer_topics`
--
ALTER TABLE `offer_topics`
  ADD CONSTRAINT `offer_topics_offer_id_foreign` FOREIGN KEY (`offer_id`) REFERENCES `offers` (`id`) ON DELETE CASCADE,
  ADD CONSTRAINT `offer_topics_topic_id_foreign` FOREIGN KEY (`topic_id`) REFERENCES `topics` (`id`) ON DELETE CASCADE;

--
-- Constraints for table `subscriptions`
--
ALTER TABLE `subscriptions`
  ADD CONSTRAINT `subscriptions_offer_id_foreign` FOREIGN KEY (`offer_id`) REFERENCES `offers` (`id`),
  ADD CONSTRAINT `subscriptions_user_id_foreign` FOREIGN KEY (`user_id`) REFERENCES `users` (`id`);
COMMIT;

/*!40101 SET CHARACTER_SET_CLIENT=@OLD_CHARACTER_SET_CLIENT */;
/*!40101 SET CHARACTER_SET_RESULTS=@OLD_CHARACTER_SET_RESULTS */;
/*!40101 SET COLLATION_CONNECTION=@OLD_COLLATION_CONNECTION */;
